<?xml version="1.0" encoding="utf-8" ?>
<Defs>
    <ResearchProjectDef>
        <defName>HealingGunResearch</defName>
        <label>healing Gun</label>
        <description>Understand the secrets of healing energy. Allows you to build the Healing Gun.</description>
        <baseCost>4000</baseCost>
        <techLevel>Spacer</techLevel>
        <prerequisites>
            <li>ChargedShot</li>
        </prerequisites>
        <requiredResearchBuilding>HiTechResearchBench</requiredResearchBuilding>
        <requiredResearchFacilities>
            <li>MultiAnalyzer</li>
        </requiredResearchFacilities>
        <researchViewX>10</researchViewX>
		<researchViewY>5</researchViewY>
    </ResearchProjectDef>
</Defs>